{
  "Star": {
    "name": "Sun",
    "position": [ 0.0, 0.0, 0.0 ],
    "velocity": [ 0.0, 0.0, 0.0 ],
    "radius": 695700,
    "mass": 1.989e30,
    "mu": 1.32712440018e11,
    "ID": 0
  },
  "Planets": {
    "Mercury": {
      "name": "Mercury",
      "position": [ 5.34461269E+07, -1.36957367E+07, -1.28627636E+07 ],
      "velocity": [ 5.82974084E+00, 4.30834525E+01, 2.24061879E+01 ],
      "radius": 2439.7,
      "mu": 22032,
      "ID": 1
    },
    "Venus": {
      "name": "Venus",
      "position": [ 90992820.059048295021, -52229470.094395421445, -29253017.756921399385 ],
      "velocity": [ 18.963642678868314562, 27.032381534407686985, 10.958176401674448286 ],
      "radius": 6051.8,
      "mu": 3.24859e5,
      "ID": 2
    },
    "Earth": {
      "name": "Earth",
      "position": [ 1.73558304E+07, -1.38620191E+08, -6.01102191E+07 ],
      "velocity": [ 2.91009143E+01, 3.01736095E+00, 1.30859059E+00 ],
      "radius": 6371.0,
      "mu": 398600.4418,
      "ID": 3
    },
    "Mars": {
      "name": "Mars",
      "position": [ -1.71574119E+07, -1.98723633E+08, -9.06808163E+07 ],
      "velocity": [ 2.50683503E+01, 4.10741187E-01, -4.91170966E-01 ],
      "radius": 3389.5,
      "mu": 42828.37,
      "ID": 4
    },
    "Jupiter": {
      "name": "Jupiter",
      "position": [ -8.05477727E+08, -1.24354649E+08, -3.36741757E+07 ],
      "velocity": [ 1.89088086E+00, -1.12918222E+01, -4.88663423E+00 ],
      "radius": 69911,
      "mu": 1.267e8,
      "ID": 5
    },
    "Saturn": {
      "name": "Saturn",
      "position": [ 1.18032753E+09, 6.87518325E+08, 2.33141355E+08 ],
      "velocity": [ -5.56897924E+00, 7.49632440E+00, 3.33462863E+00 ],
      "radius": 58232,
      "mu": 3.793e7,
      "ID": 6
    },
    "Uranus": {
      "name": "Uranus",
      "position": [ -2.73317716E+09, -1.73941652E+08, -3.74552833E+07 ],
      "velocity": [ 3.83486027E-01, -6.52180831E+00, -2.86176503E+00 ],
      "radius": 25362,
      "mu": 5.794e6,
      "ID": 7
    },
    "Neptune": {
      "name": "Neptune",
      "position": [ -2.40250795E+09, -3.58186506E+09, -1.40630325E+09 ],
      "velocity": [ 4.57524555E+00, -2.60254479E+00, -1.17928011E+00 ],
      "radius": 24622,
      "mu": 6837e6,
      "ID": 8
    }
  }
}

