{
  "Star": {
    "name": "Sun",
    "position": [ 0.0, 0.0, 0.0 ],
    "velocity": [ 0.0, 0.0, 0.0 ],
    "radius": 695700,
    "mass": 1.989e30,
    "mu": 1.32712440018e11,
    "ID": 0
  },
  "Planets": {
    "Earth": {
      "name": "Earth",
      "position": [ 17355583.376673273742, -138618217.80339628458, -60109363.56389850378 ],
      "velocity": [ 29.108594477163027392, 3.0181572786088968208, 1.3089359475535311539 ],
      "radius": 6371.0,
      "mu": 398600.4418,
      "ID": 3
    },
    "Mars": {
      "name": "Mars",
      "position": [ -1.7157167726489680928e7, -1.98720804521835725702e8, -9.0679525650894539347e7 ],
      "velocity": [ 25.07496623536686034, 0.41084958802272611, -0.4913005936619511 ],
      "radius": 3389.5,
      "mu": 42828.37,
      "ID": 4
    },
    "Jupiter": {
      "name": "Jupiter",
      "position": [ -8.05477727E+08, -1.24354649E+08, -3.36741757E+07 ],
      "velocity": [ 1.89088086E+00, -1.12918222E+01, -4.88663423E+00 ],
      "radius": 69911,
      "mu": 1.267e8,
      "ID": 5
    }
  }
}

